Symbol,Quantity,Price,Action,Description,TradeDate,SettledDate,Interest,Amount,Commission,Fee,CUSIP,RecordType
,0,,Other,Wire Funds Received ABA-026009593 BK AMER NYC 180327422566,2018/3/27,2018/3/27,0,3972,0,0,,Financial
BND,12,79.6499,BUY,VANGUARD TOTAL BOND MARKET ETF INTERNET ORDER UNSOLICITED PRODUCT DESCRIPTION UNDER SEPARATE COVER,2018/4/4,2018/4/6,0,-955.8,0,0,9.22E+08,Trade
VT,40,71.89,BUY,VANGUARD INTL EQUITY INDEX FD TT WRLD ST ETF INTERNET ORDER UNSOLICITED PRODUCT DESCRIPTION UNDER SEPARATE COVER,2018/4/4,2018/4/6,0,-2875.6,0,0,9.22E+08,Trade
,0,,Interest,INTEREST ON CREDIT BALANCE AT 0.010 03/27 THRU 04/15,2018/4/16,2018/4/16,0,0.01,0,0,00099A109,Financial
BND,0.01901,,Other,VANGUARD TOTAL BOND MARKET ETF REIN @ 78.8991 REC 05/02/18 PAY 05/04/18,2018/5/4,2018/5/4,0,-1.5,0,0,9.22E+08,Financial
BND,0,,Dividend,VANGUARD TOTAL BOND MARKET ETF CASH DIV ON 12 SHS REC 05/02/18 PAY 05/04/18 NON-QUALIFIED DIVIDEND NON-RES TAX WITHHELD,2018/5/4,2018/5/4,0,1.498,0,0,9.22E+08,Financial
BND,0,,Dividend,VANGUARD TOTAL BOND MARKET ETF CASH DIV ON 12.01901 SHS REC 06/04/18 PAY 06/06/18 NON-QUALIFIED DIVIDEND NON-RES TAX WITHHELD,2018/6/6,2018/6/6,0,1.554,0,0,9.22E+08,Financial
BND,0.01968,,Other,VANGUARD TOTAL BOND MARKET ETF REIN @ 78.7684 REC 06/04/18 PAY 06/06/18,2018/6/6,2018/6/6,0,-1.55,0,0,9.22E+08,Financial
VT,0.20939,,Other,VANGUARD INTL EQUITY INDEX FD TOTAL WORLD STOCK INDEX ETF REIN @ 73.6899 REC 06/25/18 PAY 06/27/18,2018/6/27,2018/6/27,0,-15.43,0,0,9.22E+08,Financial
VT,0,,Dividend,VANGUARD INTL EQUITY INDEX FD TOTAL WORLD STOCK INDEX ETF CASH DIV ON 40 SHS REC 06/25/18 PAY 06/27/18 NON-QUALIFIED DIVIDEND NON-RES TAX WITHHELD,2018/6/27,2018/6/27,0,15.428,0,0,9.22E+08,Financial
BND,0.01928,,Other,VANGUARD TOTAL BOND MARKET ETF REIN @ 79.3391 REC 07/03/18 PAY 07/06/18,2018/7/6,2018/7/6,0,-1.53,0,0,9.22E+08,Financial
BND,0,,Dividend,VANGUARD TOTAL BOND MARKET ETF CASH DIV ON 12.03869 SHS REC 07/03/18 PAY 07/06/18 NON-QUALIFIED DIVIDEND NON-RES TAX WITHHELD,2018/7/6,2018/7/6,0,1.526,0,0,9.22E+08,Financial
BND,0.01985,,Other,VANGUARD TOTAL BOND MARKET ETF REIN @ 79.1090 REC 08/02/18 PAY 08/06/18,2018/8/6,2018/8/6,0,-1.57,0,0,9.22E+08,Financial
BND,0,,Dividend,VANGUARD TOTAL BOND MARKET ETF CASH DIV ON 12.05797 SHS REC 08/02/18 PAY 08/06/18 NON-QUALIFIED DIVIDEND NON-RES TAX WITHHELD,2018/8/6,2018/8/6,0,1.575,0,0,9.22E+08,Financial
BND,0,,Dividend,VANGUARD TOTAL BOND MARKET ETF CASH DIV ON 12.07782 SHS REC 09/05/18 PAY 09/06/18 NON-QUALIFIED DIVIDEND NON-RES TAX WITHHELD,2018/9/6,2018/9/6,0,1.589,0,0,9.22E+08,Financial
BND,0.02011,,Other,VANGUARD TOTAL BOND MARKET ETF REIN @ 79.0791 REC 09/05/18 PAY 09/06/18,2018/9/6,2018/9/6,0,-1.59,0,0,9.22E+08,Financial
AMD,4,28,BUY,ADVANCED MICRO DEVICES INC COM INTERNET ORDER UNSOLICITED,2018/9/7,2018/9/11,0,-112,0,0,7903107,Trade
VT,0,,Dividend,VANGUARD INTL EQUITY INDEX FD TOTAL WORLD STOCK INDEX ETF CASH DIV ON 40.20939 SHS REC 09/27/18 PAY 10/01/18 NON-QUALIFIED DIVIDEND NON-RES TAX WITHHELD,2018/10/1,2018/10/1,0,10.178,0,0,9.22E+08,Financial
VT,0.13344,,Other,VANGUARD INTL EQUITY INDEX FD TOTAL WORLD STOCK INDEX ETF REIN @ 76.2891 REC 09/27/18 PAY 10/01/18,2018/10/1,2018/10/1,0,-10.18,0,0,9.22E+08,Financial
BND,0.01988,,Other,VANGUARD TOTAL BOND MARKET ETF REIN @ 77.9792 REC 10/02/18 PAY 10/04/18,2018/10/4,2018/10/4,0,-1.55,0,0,9.22E+08,Financial
BND,0,,Dividend,VANGUARD TOTAL BOND MARKET ETF CASH DIV ON 12.09793 SHS REC 10/02/18 PAY 10/04/18 NON-QUALIFIED DIVIDEND NON-RES TAX WITHHELD,2018/10/4,2018/10/4,0,1.554,0,0,9.22E+08,Financial
BND,0.02127,,Other,VANGUARD TOTAL BOND MARKET ETF REIN @ 77.5591 REC 11/02/18 PAY 11/06/18,2018/11/6,2018/11/6,0,-1.65,0,0,9.22E+08,Financial
BND,0,,Dividend,VANGUARD TOTAL BOND MARKET ETF CASH DIV ON 12.11781 SHS REC 11/02/18 PAY 11/06/18 NON-QUALIFIED DIVIDEND NON-RES TAX WITHHELD,2018/11/6,2018/11/6,0,1.652,0,0,9.22E+08,Financial
,0,,Other,Wire Funds Received BIC-PNBPUS3NNYC 181204322425,2018/12/4,2018/12/4,0,4482,0,0,,Financial
BND,0,,Dividend,VANGUARD TOTAL BOND MARKET ETF CASH DIV ON 12.13908 SHS REC 12/04/18 PAY 12/06/18 NON-QUALIFIED DIVIDEND NON-RES TAX WITHHELD,2018/12/6,2018/12/6,0,1.631,0,0,9.22E+08,Financial
BND,0.02078,,Other,VANGUARD TOTAL BOND MARKET ETF REIN @ 78.4587 REC 12/04/18 PAY 12/06/18,2018/12/6,2018/12/6,0,-1.63,0,0,9.22E+08,Financial
TTWO,1,104,BUY,TAKE TWO INTERACTIVE SOFTWARE INC INTERNET ORDER UNSOLICITED,2018/12/10,2018/12/12,0,-104,0,0,8.74E+08,Trade
VT,46,68.28,BUY,VANGUARD INTL EQUITY INDEX FD TOTAL WORLD STOCK INDEX ETF INTERNET ORDER UNSOLICITED PRODUCT DESCRIPTION UNDER SEPARATE COVER,2018/12/10,2018/12/12,0,-3140.88,0,0,9.22E+08,Trade
BWX,44,27.28,BUY,SPDR SERIES TRUST SPDR BLOOMBERG BARCLAYS INTERNATIONAL TREASURY BND EFF INTERNET ORDER UNSOLICITED PRODUCT DESCRIPTION UNDER SEPARATE COVER,2018/12/10,2018/12/12,0,-1200.32,0,0,78464A516,Trade
,0,,Interest,INTEREST ON CREDIT BALANCE AT 0.060 11/16 THRU 12/15,2018/12/17,2018/12/17,0,0.06,0,0,00099A109,Financial
BWX,0.03061,,Other,SPDR SERIES TRUST SPDR BLOOMBERG BARCLAYS INTERNATIONAL TREASURY BND EFF REIN @ 27.4388 REC 12/20/18 PAY 12/26/18,2018/12/26,2018/12/26,0,-0.84,0,0,78464A516,Financial
BWX,0,,Dividend,SPDR SERIES TRUST SPDR BLOOMBERG BARCLAYS INTERNATIONAL TREASURY BND EFF CASH DIV ON 44 SHS REC 12/20/18 PAY 12/26/18 NON-QUALIFIED DIVIDEND NON-RES TAX WITHHELD,2018/12/26,2018/12/26,0,0.84,0,0,78464A516,Financial
VT,0,,Dividend,VANGUARD INTL EQUITY INDEX FD TOTAL WORLD STOCK INDEX ETF CASH DIV ON 86.34283 SHS REC 12/26/18 PAY 12/28/18 NON-QUALIFIED DIVIDEND NON-RES TAX WITHHELD,2018/12/28,2018/12/28,0,29.554,0,0,9.22E+08,Financial
VT,0.45281,,Other,VANGUARD INTL EQUITY INDEX FD TOTAL WORLD STOCK INDEX ETF REIN @ 65.2588 REC 12/26/18 PAY 12/28/18,2018/12/28,2018/12/28,0,-29.55,0,0,9.22E+08,Financial
BND,0,,Dividend,VANGUARD TOTAL BOND MARKET ETF L/T CAP GNS 12.15986 SHS REC 12/26/18 PAY 12/28/18,2019/1/4,2019/1/4,0,2.41,0,0,9.22E+08,Financial
BND,0.03034,,Other,VANGUARD TOTAL BOND MARKET ETF REIN @ 79.4289 REC 12/26/18 PAY 12/28/18,2019/1/4,2019/1/4,0,-2.41,0,0,9.22E+08,Financial
BND,0.02118,,Other,VANGUARD TOTAL BOND MARKET ETF REIN @ 79.7991 REC 02/04/19 PAY 02/06/19,2019/2/6,2019/2/6,0,-1.69,0,0,9.22E+08,Financial
BND,0,,Dividend,VANGUARD TOTAL BOND MARKET ETF CASH DIV ON 12.19020 SHS REC 02/04/19 PAY 02/06/19 NON-QUALIFIED DIVIDEND NON-RES TAX WITHHELD,2019/2/6,2019/2/6,0,1.694,0,0,9.22E+08,Financial
BWX,0,,Dividend,SPDR SERIES TRUST SPDR BLOOMBERG BARCLAYS INTERNATIONAL TREASURY BND EFF CASH DIV ON 44.03061 SHS REC 02/04/19 PAY 02/07/19 NON-QUALIFIED DIVIDEND,2019/2/7,2019/2/7,0,1.2,0,0,78464A516,Financial
BWX,0.03024,,Other,SPDR SERIES TRUST SPDR BLOOMBERG BARCLAYS INTERNATIONAL TREASURY BND EFF REIN @ 27.7790 REC 02/04/19 PAY 02/07/19,2019/2/7,2019/2/7,0,-0.84,0,0,78464A516,Financial
BND,0.0197,,Other,VANGUARD TOTAL BOND MARKET ETF REIN @ 79.6987 REC 03/04/19 PAY 03/06/19,2019/3/6,2019/3/6,0,-1.57,0,0,9.22E+08,Financial
BND,0,,Dividend,VANGUARD TOTAL BOND MARKET ETF CASH DIV ON 12.21138 SHS REC 03/04/19 PAY 03/06/19 NON-QUALIFIED DIVIDEND NON-RES TAX WITHHELD,2019/3/6,2019/3/6,0,1.568,0,0,9.22E+08,Financial
BWX,0,,Dividend,SPDR SERIES TRUST SPDR BLOOMBERG BARCLAYS INTERNATIONAL TREASURY BND EFF CASH DIV ON 44.06085 SHS REC 03/04/19 PAY 03/07/19 NON-QUALIFIED DIVIDEND,2019/3/7,2019/3/7,0,1.15,0,0,78464A516,Financial
BWX,0.02901,,Other,SPDR SERIES TRUST SPDR BLOOMBERG BARCLAYS INTERNATIONAL TREASURY BND EFF REIN @ 27.5784 REC 03/04/19 PAY 03/07/19,2019/3/7,2019/3/7,0,-0.8,0,0,78464A516,Financial
VT,0,,Dividend,VANGUARD INTL EQUITY INDEX FD TOTAL WORLD STOCK INDEX ETF CASH DIV ON 86.79564 SHS REC 03/26/19 PAY 03/28/19 NON-QUALIFIED DIVIDEND NON-RES TAX WITHHELD,2019/3/28,2019/3/28,0,17.073,0,0,9.22E+08,Financial
VT,0.23438,,Other,VANGUARD INTL EQUITY INDEX FD TOTAL WORLD STOCK INDEX ETF REIN @ 72.8296 REC 03/26/19 PAY 03/28/19,2019/3/28,2019/3/28,0,-17.07,0,0,9.22E+08,Financial
BND,0.02121,,Other,VANGUARD TOTAL BOND MARKET ETF REIN @ 80.6192 REC 04/02/19 PAY 04/04/19,2019/4/4,2019/4/4,0,-1.71,0,0,9.22E+08,Financial
BND,0,,Dividend,VANGUARD TOTAL BOND MARKET ETF CASH DIV ON 12.23108 SHS REC 04/02/19 PAY 04/04/19 NON-QUALIFIED DIVIDEND NON-RES TAX WITHHELD,2019/4/4,2019/4/4,0,1.708,0,0,9.22E+08,Financial
BWX,0.04216,,Other,SPDR SERIES TRUST SPDR BLOOMBERG BARCLAYS INTERNATIONAL TREASURY BND EFF REIN @ 27.7488 REC 04/02/19 PAY 04/05/19,2019/4/8,2019/4/8,0,-1.17,0,0,78464A516,Financial
BWX,0,,Dividend,SPDR SERIES TRUST SPDR BLOOMBERG BARCLAYS INTERNATIONAL TREASURY BND EFF CASH DIV ON 44.08986 SHS REC 04/02/19 PAY 04/05/19 NON-QUALIFIED DIVIDEND,2019/4/8,2019/4/8,0,1.67,0,0,78464A516,Financial
BND,0,,Dividend,VANGUARD TOTAL BOND MARKET ETF CASH DIV ON 12.25229 SHS REC 05/02/19 PAY 05/06/19 NON-QUALIFIED DIVIDEND NON-RES TAX WITHHELD,2019/5/6,2019/5/6,0,1.673,0,0,9.22E+08,Financial
BND,0.02065,,Other,VANGUARD TOTAL BOND MARKET ETF REIN @ 80.8600 REC 05/02/19 PAY 05/06/19,2019/5/6,2019/5/6,0,-1.67,0,0,9.22E+08,Financial
BWX,0.02995,,Other,SPDR SERIES TRUST SPDR BLOOMBERG BARCLAYS INTERNATIONAL TREASURY BND EFF REIN @ 27.7172 REC 05/02/19 PAY 05/07/19,2019/5/7,2019/5/7,0,-0.83,0,0,78464A516,Financial
BWX,0,,Dividend,SPDR SERIES TRUST SPDR BLOOMBERG BARCLAYS INTERNATIONAL TREASURY BND EFF CASH DIV ON 44.13202 SHS REC 05/02/19 PAY 05/07/19 NON-QUALIFIED DIVIDEND,2019/5/7,2019/5/7,0,1.19,0,0,78464A516,Financial
BWX,4,27.7899,BUY,SPDR SERIES TRUST SPDR BLOOMBERG BARCLAYS INTERNATIONAL TREASURY BND EFF INTERNET ORDER UNSOLICITED PRODUCT DESCRIPTION UNDER SEPARATE COVER,2019/5/9,2019/5/13,0,-111.16,0,0,78464A516,Trade
,0,,Other,Wire Funds Received BIC-PNBPUS3NNYC 190509105958,2019/5/9,2019/5/9,0,4632,0,0,,Financial
VT,58,72.9,BUY,VANGUARD INTL EQUITY INDEX FD TOTAL WORLD STOCK INDEX ETF INTERNET ORDER UNSOLICITED PRODUCT DESCRIPTION UNDER SEPARATE COVER,2019/5/9,2019/5/13,0,-4228.2,0,0,9.22E+08,Trade
BND,4,81,BUY,VANGUARD TOTAL BOND MARKET ETF INTERNET ORDER UNSOLICITED PRODUCT DESCRIPTION UNDER SEPARATE COVER,2019/5/9,2019/5/13,0,-324,0,0,9.22E+08,Trade
,0,,Interest,INTEREST ON CREDIT BALANCE AT 0.070 04/16 THRU 05/15,2019/5/16,2019/5/16,0,0.04,0,0,00099A109,Financial
BND,0.02676,,Other,VANGUARD TOTAL BOND MARKET ETF REIN @ 82.2090 REC 06/04/19 PAY 06/06/19,2019/6/6,2019/6/6,0,-2.2,0,0,9.22E+08,Financial
BND,0,,Dividend,VANGUARD TOTAL BOND MARKET ETF CASH DIV ON 16.27294 SHS REC 06/04/19 PAY 06/06/19 NON-QUALIFIED DIVIDEND NON-RES TAX WITHHELD,2019/6/6,2019/6/6,0,2.205,0,0,9.22E+08,Financial
BWX,0,,Dividend,SPDR SERIES TRUST SPDR BLOOMBERG BARCLAYS INTERNATIONAL TREASURY BND EFF CASH DIV ON 48.16197 SHS REC 06/04/19 PAY 06/07/19 NON-QUALIFIED DIVIDEND,2019/6/7,2019/6/7,0,1.39,0,0,78464A516,Financial
BWX,0.03405,,Other,SPDR SERIES TRUST SPDR BLOOMBERG BARCLAYS INTERNATIONAL TREASURY BND EFF REIN @ 28.4884 REC 06/04/19 PAY 06/07/19,2019/6/7,2019/6/7,0,-0.97,0,0,78464A516,Financial
VT,0,,Dividend,VANGUARD INTL EQUITY INDEX FD TOTAL WORLD STOCK INDEX ETF CASH DIV ON 145.03002 SHS REC 06/18/19 PAY 06/20/19 NON-QUALIFIED DIVIDEND NON-RES TAX WITHHELD,2019/6/20,2019/6/20,0,55.916,0,0,9.22E+08,Financial
VT,0.74037,,Other,VANGUARD INTL EQUITY INDEX FD TOTAL WORLD STOCK INDEX ETF REIN @ 75.5294 REC 06/18/19 PAY 06/20/19,2019/6/20,2019/6/20,0,-55.92,0,0,9.22E+08,Financial
BND,0,,Dividend,VANGUARD TOTAL BOND MARKET ETF CASH DIV ON 16.29970 SHS REC 07/02/19 PAY 07/05/19 NON-QUALIFIED DIVIDEND NON-RES TAX WITHHELD,2019/7/5,2019/7/5,0,2.219,0,0,9.22E+08,Financial
BND,0.02684,,Other,VANGUARD TOTAL BOND MARKET ETF REIN @ 82.7088 REC 07/02/19 PAY 07/05/19,2019/7/5,2019/7/5,0,-2.22,0,0,9.22E+08,Financial
BWX,0,,Dividend,SPDR SERIES TRUST SPDR BLOOMBERG BARCLAYS INTERNATIONAL TREASURY BND EFF CASH DIV ON 48.19602 SHS REC 07/02/19 PAY 07/08/19 NON-QUALIFIED DIVIDEND,2019/7/8,2019/7/8,0,1.27,0,0,78464A516,Financial
BWX,0.03102,,Other,SPDR SERIES TRUST SPDR BLOOMBERG BARCLAYS INTERNATIONAL TREASURY BND EFF REIN @ 28.6950 REC 07/02/19 PAY 07/08/19,2019/7/8,2019/7/8,0,-0.89,0,0,78464A516,Financial
BND,0,,Dividend,VANGUARD TOTAL BOND MARKET ETF CASH DIV ON 16.32654 SHS REC 08/02/19 PAY 08/06/19 NON-QUALIFIED DIVIDEND NON-RES TAX WITHHELD,2019/8/6,2019/8/6,0,2.212,0,0,9.22E+08,Financial
BND,0.02634,,Other,VANGUARD TOTAL BOND MARKET ETF REIN @ 83.8983 REC 08/02/19 PAY 08/06/19,2019/8/6,2019/8/6,0,-2.21,0,0,9.22E+08,Financial
BWX,0,,Dividend,SPDR SERIES TRUST SPDR BLOOMBERG BARCLAYS INTERNATIONAL TREASURY BND EFF CASH DIV ON 48.22704 SHS REC 08/02/19 PAY 08/07/19 NON-QUALIFIED DIVIDEND,2019/8/7,2019/8/7,0,1.33,0,0,78464A516,Financial
BWX,0.03193,,Other,SPDR SERIES TRUST SPDR BLOOMBERG BARCLAYS INTERNATIONAL TREASURY BND EFF REIN @ 29.1267 REC 08/02/19 PAY 08/07/19,2019/8/7,2019/8/7,0,-0.93,0,0,78464A516,Financial
,0,,Other,Wire Funds Received ABA-021000018 BK OF NYC 190904498842,2019/9/4,2019/9/4,0,4132,0,0,,Financial
BND,4,84.8,BUY,VANGUARD TOTAL BOND MARKET ETF INTERNET ORDER UNSOLICITED PRODUCT DESCRIPTION UNDER SEPARATE COVER,2019/9/5,2019/9/9,0,-339.2,0,0,9.22E+08,Trade
BWX,12,29,BUY,SPDR SERIES TRUST SPDR BLOOMBERG BARCLAYS INTERNATIONAL TREASURY BND EFF INTERNET ORDER UNSOLICITED PRODUCT DESCRIPTION UNDER SEPARATE COVER,2019/9/5,2019/9/9,0,-348,0,0,78464A516,Trade
BND,0.02548,,Other,VANGUARD TOTAL BOND MARKET ETF REIN @ 84.7791 REC 09/04/19 PAY 09/06/19,2019/9/6,2019/9/6,0,-2.16,0,0,9.22E+08,Financial
BND,0,,Dividend,VANGUARD TOTAL BOND MARKET ETF CASH DIV ON 16.35288 SHS REC 09/04/19 PAY 09/06/19 NON-QUALIFIED DIVIDEND NON-RES TAX WITHHELD,2019/9/6,2019/9/6,0,2.156,0,0,9.22E+08,Financial
BWX,0.03035,,Other,SPDR SERIES TRUST SPDR BLOOMBERG BARCLAYS INTERNATIONAL TREASURY BND EFF REIN @ 28.9942 REC 09/04/19 PAY 09/09/19,2019/9/9,2019/9/9,0,-0.88,0,0,78464A516,Financial
BWX,0,,Dividend,SPDR SERIES TRUST SPDR BLOOMBERG BARCLAYS INTERNATIONAL TREASURY BND EFF CASH DIV ON 48.25897 SHS REC 09/04/19 PAY 09/09/19 NON-QUALIFIED DIVIDEND,2019/9/9,2019/9/9,0,1.26,0,0,78464A516,Financial
,0,,Interest,INTEREST ON CREDIT BALANCE AT 0.050 08/16 THRU 09/15,2019/9/16,2019/9/16,0,0.06,0,0,00099A109,Financial
VT,0.59247,,Other,VANGUARD INTL EQUITY INDEX FD TOTAL WORLD STOCK INDEX ETF REIN @ 74.8899 REC 09/25/19 PAY 09/27/19,2019/9/27,2019/9/27,0,-44.37,0,0,9.22E+08,Financial
VT,0,,Dividend,VANGUARD INTL EQUITY INDEX FD TOTAL WORLD STOCK INDEX ETF CASH DIV ON 145.77039 SHS REC 09/25/19 PAY 09/27/19 NON-QUALIFIED DIVIDEND NON-RES TAX WITHHELD,2019/9/27,2019/9/27,0,44.366,0,0,9.22E+08,Financial
VT,46,74,BUY,VANGUARD INTL EQUITY INDEX FD TOTAL WORLD STOCK INDEX ETF INTERNET ORDER UNSOLICITED PRODUCT DESCRIPTION UNDER SEPARATE COVER,2019/10/1,2019/10/3,0,-3404,0,0,9.22E+08,Trade
BND,0.03051,,Other,VANGUARD TOTAL BOND MARKET ETF REIN @ 84.8785 REC 10/02/19 PAY 10/04/19,2019/10/4,2019/10/4,0,-2.59,0,0,9.22E+08,Financial
BND,0,,Dividend,VANGUARD TOTAL BOND MARKET ETF CASH DIV ON 20.37836 SHS REC 10/02/19 PAY 10/04/19 NON-QUALIFIED DIVIDEND NON-RES TAX WITHHELD,2019/10/4,2019/10/4,0,2.59,0,0,9.22E+08,Financial
BWX,0,,Dividend,SPDR SERIES TRUST SPDR BLOOMBERG BARCLAYS INTERNATIONAL TREASURY BND EFF CASH DIV ON 60.28932 SHS REC 10/02/19 PAY 10/07/19 NON-QUALIFIED DIVIDEND,2019/10/7,2019/10/7,0,1.58,0,0,78464A516,Financial
BWX,0.03841,,Other,SPDR SERIES TRUST SPDR BLOOMBERG BARCLAYS INTERNATIONAL TREASURY BND EFF REIN @ 28.8982 REC 10/02/19 PAY 10/07/19,2019/10/7,2019/10/7,0,-1.11,0,0,78464A516,Financial
,0,,Interest,INTEREST ON CREDIT BALANCE AT 0.010 09/20 THRU 10/15,2019/10/16,2019/10/16,0,0.01,0,0,00099A109,Financial
,0,,Interest,INTEREST ON CREDIT BALANCE AT 0.050 09/16 THRU 09/19,2019/10/16,2019/10/16,0,0.02,0,0,00099A109,Financial
BND,0.03161,,Other,VANGUARD TOTAL BOND MARKET ETF REIN @ 83.8393 REC 11/04/19 PAY 11/06/19,2019/11/6,2019/11/6,0,-2.65,0,0,9.22E+08,Financial
BND,0,,Dividend,VANGUARD TOTAL BOND MARKET ETF CASH DIV ON 20.40887 SHS REC 11/04/19 PAY 11/06/19 NON-QUALIFIED DIVIDEND NON-RES TAX WITHHELD,2019/11/6,2019/11/6,0,2.646,0,0,9.22E+08,Financial
BWX,0,,Dividend,SPDR SERIES TRUST SPDR BLOOMBERG BARCLAYS INTERNATIONAL TREASURY BND EFF CASH DIV ON 60.32773 SHS REC 11/04/19 PAY 11/07/19 NON-QUALIFIED DIVIDEND,2019/11/7,2019/11/7,0,1.64,0,0,78464A516,Financial
BWX,0.0403,,Other,SPDR SERIES TRUST SPDR BLOOMBERG BARCLAYS INTERNATIONAL TREASURY BND EFF REIN @ 28.5381 REC 11/04/19 PAY 11/07/19,2019/11/7,2019/11/7,0,-1.15,0,0,78464A516,Financial
BND,0.03072,,Other,VANGUARD TOTAL BOND MARKET ETF REIN @ 83.9889 REC 12/03/19 PAY 12/05/19,2019/12/5,2019/12/5,0,-2.58,0,0,9.22E+08,Financial
BND,0,,Dividend,VANGUARD TOTAL BOND MARKET ETF CASH DIV ON 20.44048 SHS REC 12/03/19 PAY 12/05/19 NON-QUALIFIED DIVIDEND NON-RES TAX WITHHELD,2019/12/5,2019/12/5,0,2.576,0,0,9.22E+08,Financial
BWX,0.03927,,Other,SPDR SERIES TRUST SPDR BLOOMBERG BARCLAYS INTERNATIONAL TREASURY BND EFF REIN @ 28.5186 REC 12/03/19 PAY 12/06/19,2019/12/6,2019/12/6,0,-1.12,0,0,78464A516,Financial
BWX,0,,Dividend,SPDR SERIES TRUST SPDR BLOOMBERG BARCLAYS INTERNATIONAL TREASURY BND EFF CASH DIV ON 60.36803 SHS REC 12/03/19 PAY 12/06/19 NON-QUALIFIED DIVIDEND,2019/12/6,2019/12/6,0,1.6,0,0,78464A516,Financial
VT,0,,Dividend,VANGUARD INTL EQUITY INDEX FD TOTAL WORLD STOCK INDEX ETF CASH DIV ON 192.36286 SHS REC 12/24/19 PAY 12/27/19 NON-QUALIFIED DIVIDEND NON-RES TAX WITHHELD,2019/12/27,2019/12/27,0,82.257,0,0,9.22E+08,Financial
VT,1.01261,,Other,VANGUARD INTL EQUITY INDEX FD TOTAL WORLD STOCK INDEX ETF REIN @ 81.2358 REC 12/24/19 PAY 12/27/19,2019/12/27,2019/12/27,0,-82.26,0,0,9.22E+08,Financial
BWX,0.04004,,Other,SPDR SERIES TRUST SPDR BLOOMBERG BARCLAYS INTERNATIONAL TREASURY BND EFF REIN @ 28.7187 REC 12/23/19 PAY 12/27/19,2019/12/27,2019/12/27,0,-1.15,0,0,78464A516,Financial
BWX,0,,Dividend,SPDR SERIES TRUST SPDR BLOOMBERG BARCLAYS INTERNATIONAL TREASURY BND EFF CASH DIV ON 60.40730 SHS REC 12/23/19 PAY 12/27/19 NON-QUALIFIED DIVIDEND,2019/12/27,2019/12/27,0,1.65,0,0,78464A516,Financial
BND,0.03192,,Other,VANGUARD TOTAL BOND MARKET ETF REIN @ 83.9587 REC 12/24/19 PAY 12/27/19,2019/12/27,2019/12/27,0,-2.68,0,0,9.22E+08,Financial
BND,0,,Dividend,VANGUARD TOTAL BOND MARKET ETF CASH DIV ON 20.47120 SHS REC 12/24/19 PAY 12/27/19 NON-QUALIFIED DIVIDEND NON-RES TAX WITHHELD,2019/12/27,2019/12/27,0,2.681,0,0,9.22E+08,Financial
,0,,Other,Wire Funds Received ABA-021000018 BK OF NYC 200108998579,2020/1/8,2020/1/8,0,4716,0,0,,Financial
BWX,-0.44734,28.56,SELL,SPDR SERIES TRUST SPDR BLOOMBERG BARCLAYS INTERNATIONAL TREASURY BND EFF PRODUCT DESCRIPTION UNDER SEPARATE COVER AUTO LIQUIDATION FRAC AS OF 01/14/20,2020/1/14,2020/1/16,0,12.77,0,0,78464A516,Trade
BWX,-60,28.56,SELL,SPDR SERIES TRUST SPDR BLOOMBERG BARCLAYS INTERNATIONAL TREASURY BND EFF INTERNET ORDER UNSOLICITED PRODUCT DESCRIPTION UNDER SEPARATE COVER,2020/1/14,2020/1/16,0,1713.56,0,0.04,78464A516,Trade
VT,44,82.1,BUY,VANGUARD INTL EQUITY INDEX FD TOTAL WORLD STOCK INDEX ETF INTERNET ORDER UNSOLICITED PRODUCT DESCRIPTION UNDER SEPARATE COVER,2020/1/15,2020/1/17,0,-3612.4,0,0,9.22E+08,Trade
BNDX,42,56.845,BUY,VANGUARD TOTAL INTERNATIONAL BOND ETF INTERNET ORDER UNSOLICITED PRODUCT DESCRIPTION UNDER SEPARATE COVER,2020/1/16,2020/1/21,0,-2387.49,0,0,92203J407,Trade
,0,,Interest,INTEREST ON CREDIT BALANCE AT 0.010 01/01 THRU 01/15,2020/1/16,2020/1/16,0,0.01,0,0,00099A109,Financial
BND,6,84.355,BUY,VANGUARD TOTAL BOND MARKET ETF INTERNET ORDER UNSOLICITED PRODUCT DESCRIPTION UNDER SEPARATE COVER,2020/1/16,2020/1/21,0,-506.13,0,0,9.22E+08,Trade
,0,,Other,Wire Funds Received ABA-021000018 BK OF NYC 200122158736,2020-01-22,2020-01-22,0,3961,0,0,,Financial
VT,3,82.09,BUY,VANGUARD INTL EQUITY INDEX FD TOTAL WORLD STOCK INDEX ETF INTERNET ORDER UNSOLICITED PRODUCT DESCRIPTION UNDER SEPARATE COVER,2020-01-23,2020-01-27,0,-246.27,0,0,9.22E+08,Trade
BND,6,84.79,BUY,VANGUARD TOTAL BOND MARKET ETF INTERNET ORDER UNSOLICITED PRODUCT DESCRIPTION UNDER SEPARATE COVER,2020-01-23,2020-01-27,0,-508.74,0,0,9.22E+08,Trade
BNDX,6,57.145,BUY,VANGUARD TOTAL INTERNATIONAL BOND ETF INTERNET ORDER UNSOLICITED PRODUCT DESCRIPTION UNDER SEPARATE COVER,2020-01-23,2020-01-27,0,-342.87,0,0,92203J407,Trade
VNQ,30,95.1178,BUY,VANGUARD SPECIALIZED FUNDS VANGUARD REAL ESTATE ETF INTERNET ORDER UNSOLICITED PRODUCT DESCRIPTION UNDER SEPARATE COVER,2020-01-23,2020-01-27,0,-2853.53,0,0,9.23E+08,Trade
BND,0,,Dividend,VANGUARD TOTAL BOND MARKET ETF CASH DIV ON 32.50312 SHS REC 02/04/20 PAY 02/06/20 NON-QUALIFIED DIVIDEND NON-RES TAX WITHHELD,2020/2/6,2020/2/6,0,4.151,0,0,9.22E+08,Financial
BNDX,0.02633,,Other,VANGUARD TOTAL INTERNATIONAL BOND ETF REIN @ 57.3450 REC 02/04/20 PAY 02/06/20,2020/2/6,2020/2/6,0,-1.51,0,0,92203J407,Financial
BNDX,0,,Dividend,VANGUARD TOTAL INTERNATIONAL BOND ETF CASH DIV ON 48 SHS REC 02/04/20 PAY 02/06/20 NON-QUALIFIED DIVIDEND NON-RES TAX WITHHELD,2020/2/6,2020/2/6,0,1.512,0,0,92203J407,Financial
BND,0.04888,,Other,VANGUARD TOTAL BOND MARKET ETF REIN @ 84.9089 REC 02/04/20 PAY 02/06/20,2020/2/6,2020/2/6,0,-4.15,0,0,9.22E+08,Financial
,0,,Interest,INTEREST ON CREDIT BALANCE AT 0.010 01/16 THRU 02/15,2020/2/18,2020/2/18,0,0.01,0,0,00099A109,Financial
BND,0.045,,Other,VANGUARD TOTAL BOND MARKET ETF REIN @ 87.3400 REC 03/03/20 PAY 03/05/20,2020/3/5,2020/3/5,0,-3.93,0,0,9.22E+08,Financial
BNDX,0,,Dividend,VANGUARD TOTAL INTERNATIONAL BOND ETF CASH DIV ON 48.02633 SHS REC 03/03/20 PAY 03/05/20 NON-QUALIFIED DIVIDEND NON-RES TAX WITHHELD,2020/3/5,2020/3/5,0,1.477,0,0,92203J407,Financial
BND,0,,Dividend,VANGUARD TOTAL BOND MARKET ETF CASH DIV ON 32.55200 SHS REC 03/03/20 PAY 03/05/20 NON-QUALIFIED DIVIDEND NON-RES TAX WITHHELD,2020/3/5,2020/3/5,0,3.934,0,0,9.22E+08,Financial
BNDX,0.02546,,Other,VANGUARD TOTAL INTERNATIONAL BOND ETF REIN @ 58.1300 REC 03/03/20 PAY 03/05/20,2020/3/5,2020/3/5,0,-1.48,0,0,92203J407,Financial
VNQ,0,,Dividend,VANGUARD SPECIALIZED FUNDS VANGUARD REAL ESTATE ETF CASH DIV ON 30 SHS REC 03/11/20 PAY 03/13/20 NON-QUALIFIED DIVIDEND NON-RES TAX WITHHELD,2020/3/13,2020/3/13,0,13.608,0,0,9.23E+08,Financial
VNQ,0.18013,,Other,VANGUARD SPECIALIZED FUNDS VANGUARD REAL ESTATE ETF REIN @ 75.5551 REC 03/11/20 PAY 03/13/20,2020/3/13,2020/3/13,0,-13.61,0,0,9.23E+08,Financial
VT,0,,Dividend,VANGUARD INTL EQUITY INDEX FD TOTAL WORLD STOCK INDEX ETF CASH DIV ON 240.37547 SHS REC 03/24/20 PAY 03/26/20 NON-QUALIFIED DIVIDEND NON-RES TAX WITHHELD,2020/3/26,2020/3/26,0,37.1,0,0,9.22E+08,Financial
VT,0.59911,,Other,VANGUARD INTL EQUITY INDEX FD TOTAL WORLD STOCK INDEX ETF REIN @ 61.9257 REC 03/24/20 PAY 03/26/20,2020/3/26,2020/3/26,0,-37.1,0,0,9.22E+08,Financial
BND,0,,Dividend,VANGUARD TOTAL BOND MARKET ETF CASH DIV ON 32.59700 SHS REC 04/02/20 PAY 04/06/20 NON-QUALIFIED DIVIDEND NON-RES TAX WITHHELD,2020/4/6,2020/4/6,0,4.347,0,0,9.22E+08,Financial
BNDX,0,,Dividend,VANGUARD TOTAL INTERNATIONAL BOND ETF CASH DIV ON 48.05179 SHS REC 04/02/20 PAY 04/06/20 NON-QUALIFIED DIVIDEND NON-RES TAX WITHHELD,2020/4/6,2020/4/6,0,1.701,0,0,92203J407,Financial
BNDX,0.03022,,Other,VANGUARD TOTAL INTERNATIONAL BOND ETF REIN @ 56.2590 REC 04/02/20 PAY 04/06/20,2020/4/6,2020/4/6,0,-1.7,0,0,92203J407,Financial
BND,0.05052,,Other,VANGUARD TOTAL BOND MARKET ETF REIN @ 86.1085 REC 04/02/20 PAY 04/06/20,2020/4/6,2020/4/6,0,-4.35,0,0,9.22E+08,Financial
,0,,Other,Wire Funds Received ABA-021000021 JPMORGAN CHASE 200413184398,2020/4/13,2020/4/13,0,4480,0,0,,Financial
VNQ,7,74.2,BUY,VANGUARD SPECIALIZED FUNDS VANGUARD REAL ESTATE ETF INTERNET ORDER UNSOLICITED PRODUCT DESCRIPTION UNDER SEPARATE COVER,2020/4/16,2020/4/20,0,-519.4,0,0,9.23E+08,Trade
VT,60,65.8,BUY,VANGUARD INTL EQUITY INDEX FD TOTAL WORLD STOCK INDEX ETF INTERNET ORDER UNSOLICITED PRODUCT DESCRIPTION UNDER SEPARATE COVER,2020/4/16,2020/4/20,0,-3948,0,0,9.22E+08,Trade
BND,0.04579,,Other,VANGUARD TOTAL BOND MARKET ETF REIN @ 86.9277 REC 05/04/20 PAY 05/06/20,2020/5/6,2020/5/6,0,-3.98,0,0,9.22E+08,Financial
BNDX,0.0275,,Other,VANGUARD TOTAL INTERNATIONAL BOND ETF REIN @ 57.0899 REC 05/04/20 PAY 05/06/20,2020/5/6,2020/5/6,0,-1.57,0,0,92203J407,Financial
BND,0,,Dividend,VANGUARD TOTAL BOND MARKET ETF CASH DIV ON 32.64752 SHS REC 05/04/20 PAY 05/06/20 NON-QUALIFIED DIVIDEND NON-RES TAX WITHHELD,2020/5/6,2020/5/6,0,3.976,0,0,9.22E+08,Financial
BNDX,0,,Dividend,VANGUARD TOTAL INTERNATIONAL BOND ETF CASH DIV ON 48.08201 SHS REC 05/04/20 PAY 05/06/20 NON-QUALIFIED DIVIDEND NON-RES TAX WITHHELD,2020/5/6,2020/5/6,0,1.568,0,0,92203J407,Financial
BNDX,0,,Dividend,VANGUARD TOTAL INTERNATIONAL BOND ETF CASH DIV ON 48.10951 SHS REC 06/02/20 PAY 06/04/20 NON-QUALIFIED DIVIDEND NON-RES TAX WITHHELD,2020/6/4,2020/6/4,0,1.603,0,0,92203J407,Financial
BNDX,0.02802,,Other,VANGUARD TOTAL INTERNATIONAL BOND ETF REIN @ 57.0999 REC 06/02/20 PAY 06/04/20,2020/6/4,2020/6/4,0,-1.6,0,0,92203J407,Financial
BND,0.04421,,Other,VANGUARD TOTAL BOND MARKET ETF REIN @ 87.3191 REC 06/02/20 PAY 06/04/20,2020/6/5,2020/6/5,0,-3.86,0,0,9.22E+08,Financial
BND,0,,Dividend,VANGUARD TOTAL BOND MARKET ETF CASH DIV ON 32.69331 SHS REC 06/02/20 PAY 06/04/20 NON-QUALIFIED DIVIDEND NON-RES TAX WITHHELD,2020/6/5,2020/6/5,0,3.864,0,0,9.22E+08,Financial
VT,1.02669,,Other,VANGUARD INTL EQUITY INDEX FD TOTAL WORLD STOCK INDEX ETF REIN @ 73.8681 REC 06/23/20 PAY 06/25/20,2020/6/25,2020/6/25,0,-75.84,0,0,9.22E+08,Financial
VT,0,,Dividend,VANGUARD INTL EQUITY INDEX FD TOTAL WORLD STOCK INDEX ETF CASH DIV ON 300.97458 SHS REC 06/23/20 PAY 06/25/20 NON-QUALIFIED DIVIDEND NON-RES TAX WITHHELD,2020/6/25,2020/6/25,0,75.845,0,0,9.22E+08,Financial
VNQ,0,,Dividend,VANGUARD SPECIALIZED FUNDS VANGUARD REAL ESTATE ETF CASH DIV ON 37.18013 SHS REC 06/26/20 PAY 06/30/20 NON-QUALIFIED DIVIDEND NON-RES TAX WITHHELD,2020/6/30,2020/6/30,0,19.74,0,0,9.23E+08,Financial
VNQ,0.25477,,Other,VANGUARD SPECIALIZED FUNDS VANGUARD REAL ESTATE ETF REIN @ 77.4810 REC 06/26/20 PAY 06/30/20,2020/6/30,2020/6/30,0,-19.74,0,0,9.23E+08,Financial
BND,0.04211,,Other,VANGUARD TOTAL BOND MARKET ETF REIN @ 88.3400 REC 07/02/20 PAY 07/07/20,2020/7/7,2020/7/7,0,-3.72,0,0,9.22E+08,Financial
BNDX,0,,Dividend,VANGUARD TOTAL INTERNATIONAL BOND ETF CASH DIV ON 48.13753 SHS REC 07/02/20 PAY 07/07/20 NON-QUALIFIED DIVIDEND NON-RES TAX WITHHELD,2020/7/7,2020/7/7,0,1.589,0,0,92203J407,Financial
BND,0,,Dividend,VANGUARD TOTAL BOND MARKET ETF CASH DIV ON 32.73752 SHS REC 07/02/20 PAY 07/07/20 NON-QUALIFIED DIVIDEND NON-RES TAX WITHHELD,2020/7/7,2020/7/7,0,3.724,0,0,9.22E+08,Financial
BNDX,0.02755,,Other,VANGUARD TOTAL INTERNATIONAL BOND ETF REIN @ 57.7050 REC 07/02/20 PAY 07/07/20,2020/7/7,2020/7/7,0,-1.59,0,0,92203J407,Financial
BNDX,0.02746,,Other,VANGUARD TOTAL INTERNATIONAL BOND ETF REIN @ 58.2650 REC 08/04/20 PAY 08/06/20,2020/8/6,2020/8/6,0,-1.6,0,0,92203J407,Financial
BNDX,0,,Dividend,VANGUARD TOTAL INTERNATIONAL BOND ETF CASH DIV ON 48.16508 SHS REC 08/04/20 PAY 08/06/20 NON-QUALIFIED DIVIDEND NON-RES TAX WITHHELD,2020/8/6,2020/8/6,0,1.603,0,0,92203J407,Financial
BND,0.04066,,Other,VANGUARD TOTAL BOND MARKET ETF REIN @ 89.5188 REC 08/04/20 PAY 08/06/20,2020/8/6,2020/8/6,0,-3.64,0,0,9.22E+08,Financial
BND,0,,Dividend,VANGUARD TOTAL BOND MARKET ETF CASH DIV ON 32.77963 SHS REC 08/04/20 PAY 08/06/20 NON-QUALIFIED DIVIDEND NON-RES TAX WITHHELD,2020/8/6,2020/8/6,0,3.64,0,0,9.22E+08,Financial
BNDX,0,,Dividend,VANGUARD TOTAL INTERNATIONAL BOND ETF CASH DIV ON 48.19254 SHS REC 09/02/20 PAY 09/04/20 NON-QUALIFIED DIVIDEND NON-RES TAX WITHHELD,2020/9/4,2020/9/4,0,1.575,0,0,92203J407,Financial
BND,0,,Dividend,VANGUARD TOTAL BOND MARKET ETF CASH DIV ON 32.82029 SHS REC 09/02/20 PAY 09/04/20 NON-QUALIFIED DIVIDEND NON-RES TAX WITHHELD,2020/9/4,2020/9/4,0,3.514,0,0,9.22E+08,Financial
BND,0.03967,,Other,VANGUARD TOTAL BOND MARKET ETF REIN @ 88.4887 REC 09/02/20 PAY 09/04/20,2020/9/4,2020/9/4,0,-3.51,0,0,9.22E+08,Financial
BNDX,0.02711,,Other,VANGUARD TOTAL INTERNATIONAL BOND ETF REIN @ 57.9187 REC 09/02/20 PAY 09/04/20,2020/9/4,2020/9/4,0,-1.57,0,0,92203J407,Financial
,0,,Other,Wire Funds Received ABA-021000021 JPMORGAN CHASE 200908061227,2020/9/8,2020/9/8,0,6850,0,0,,Financial
VNQ,10,83.6,BUY,VANGUARD SPECIALIZED FUNDS     VANGUARD REAL ESTATE ETF       INTERNET ORDER                 UNSOLICITED                    PRODUCT DESCRIPTION UNDER      SEPARATE COVER,2020-09-16,2020-09-18,0,-836,0,0,922908553,Trade
,0,,Interest,INTEREST ON CREDIT BALANCE     AT  0.010  08/16 THRU 09/15,2020-09-16,2020-09-16,0,0.02,0,0,00099A109,Financial
VT,42,82.5,BUY,VANGUARD INTL EQUITY INDEX FD  TOTAL WORLD STOCK INDEX ETF    INTERNET ORDER                 UNSOLICITED                    PRODUCT DESCRIPTION UNDER      SEPARATE COVER,2020-09-16,2020-09-18,0,-3465,0,0,922042742,Trade
BNDX,20,58.1,BUY,VANGUARD TOTAL INTERNATIONAL   BOND ETF                       INTERNET ORDER                 UNSOLICITED                    PRODUCT DESCRIPTION UNDER      SEPARATE COVER,2020-09-16,2020-09-18,0,-1162,0,0,92203J407,Trade
BND,12,88.3,BUY,VANGUARD TOTAL BOND MARKET ETF INTERNET ORDER                 UNSOLICITED                    PRODUCT DESCRIPTION UNDER      SEPARATE COVER,2020-09-23,2020-09-25,0,-1059.6,0,0,921937835,Trade
VT,0,,Dividend,VANGUARD INTL EQUITY INDEX FD  TOTAL WORLD STOCK INDEX ETF    CASH DIV  ON                           344.00127 SHS          REC 09/22/20 PAY 09/24/20      NON-QUALIFIED DIVIDEND         NON-RES TAX WITHHELD,2020-09-24,2020-09-24,0,96.922,0,0,922042742,Financial
VT,1.24761,,Other,VANGUARD INTL EQUITY INDEX FD  TOTAL WORLD STOCK INDEX ETF    REIN @  77.6843                REC 09/22/20 PAY 09/24/20,2020-09-24,2020-09-24,0,-96.92,0,0,922042742,Financial
VNQ,0.24614,,Other,VANGUARD SPECIALIZED FUNDS     VANGUARD REAL ESTATE ETF       REIN @  79.5897                REC 09/28/20 PAY 09/30/20,2020-09-30,2020-09-30,0,-19.59,0,0,922908553,Financial
VNQ,0,,Dividend,VANGUARD SPECIALIZED FUNDS     VANGUARD REAL ESTATE ETF       CASH DIV  ON                            47.43490 SHS          REC 09/28/20 PAY 09/30/20      NON-QUALIFIED DIVIDEND         NON-RES TAX WITHHELD,2020-09-30,2020-09-30,0,19.593,0,0,922908553,Financial
BND,0.05373,,Other,VANGUARD TOTAL BOND MARKET ETF REIN @  87.8389                REC 10/02/20 PAY 10/06/20,2020-10-06,2020-10-06,0,-4.72,0,0,921937835,Financial
BNDX,0.03787,,Other,VANGUARD TOTAL INTERNATIONAL   BOND ETF                       REIN @  58.0899                REC 10/02/20 PAY 10/06/20,2020-10-06,2020-10-06,0,-2.2,0,0,92203J407,Financial
BND,0,,Dividend,VANGUARD TOTAL BOND MARKET ETF CASH DIV  ON                            44.85996 SHS          REC 10/02/20 PAY 10/06/20      NON-QUALIFIED DIVIDEND         NON-RES TAX WITHHELD,2020-10-06,2020-10-06,0,4.718,0,0,921937835,Financial
BNDX,0,,Dividend,VANGUARD TOTAL INTERNATIONAL   BOND ETF                       CASH DIV  ON                            68.21965 SHS          REC 10/02/20 PAY 10/06/20      NON-QUALIFIED DIVIDEND         NON-RES TAX WITHHELD,2020-10-06,2020-10-06,0,2.198,0,0,92203J407,Financial
BNDX,0.03849,,Other,VANGUARD TOTAL INTERNATIONAL   BOND ETF                       REIN @  58.4590                REC 11/03/20 PAY 11/05/20,2020-11-05,2020-11-05,0,-2.25,0,0,92203J407,Financial
BNDX,0,,Dividend,VANGUARD TOTAL INTERNATIONAL   BOND ETF                       CASH DIV  ON                            68.25752 SHS          REC 11/03/20 PAY 11/05/20      NON-QUALIFIED DIVIDEND         NON-RES TAX WITHHELD,2020-11-05,2020-11-05,0,2.247,0,0,92203J407,Financial
BND,0.05385,,Other,VANGUARD TOTAL BOND MARKET ETF REIN @  88.2090                REC 11/03/20 PAY 11/05/20,2020-11-05,2020-11-05,0,-4.75,0,0,921937835,Financial
BND,0,,Dividend,VANGUARD TOTAL BOND MARKET ETF CASH DIV  ON                            44.91369 SHS          REC 11/03/20 PAY 11/05/20      NON-QUALIFIED DIVIDEND         NON-RES TAX WITHHELD,2020-11-05,2020-11-05,0,4.746,0,0,921937835,Financial
BND,0.0513,,Other,VANGUARD TOTAL BOND MARKET ETF REIN @  87.9099                REC 12/02/20 PAY 12/04/20,2020-12-04,2020-12-04,0,-4.51,0,0,921937835,Financial
BND,0,,Dividend,VANGUARD TOTAL BOND MARKET ETF CASH DIV  ON                            44.96754 SHS          REC 12/02/20 PAY 12/04/20      NON-QUALIFIED DIVIDEND         NON-RES TAX WITHHELD,2020-12-04,2020-12-04,0,4.508,0,0,921937835,Financial
BNDX,0,,Dividend,VANGUARD TOTAL INTERNATIONAL   BOND ETF                       CASH DIV  ON                            68.29601 SHS          REC 12/02/20 PAY 12/04/20      NON-QUALIFIED DIVIDEND         NON-RES TAX WITHHELD,2020-12-04,2020-12-04,0,2.163,0,0,92203J407,Financial
BNDX,0.037,,Other,VANGUARD TOTAL INTERNATIONAL   BOND ETF                       REIN @  58.3787                REC 12/02/20 PAY 12/04/20,2020-12-04,2020-12-04,0,-2.16,0,0,92203J407,Financial
VT,0,,Dividend,VANGUARD INTL EQUITY INDEX FD TOTAL WORLD STOCK INDEX ETF CASH DIV ON  345.24888 SHS REC 12/22/20 PAY 12/24/20 NON-QUALIFIED DIVIDEND  NON-RES TAX WITHHELD,2020-12-24,2020-12-24,0,133.504,0,0,922042742,Financial
VT,1.45856,,Other,VANGUARD INTL EQUITY INDEX FD TOTAL WORLD STOCK INDEX ETF REIN @ 91.5289 REC 12/22/20 PAY 12/24/20,2020-12-24,2020-12-24,0,-133.5,0,0,922042742,Financial
BNDX,0.14208,,Other,VANGUARD TOTAL INTERNATIONAL  BOND ETF  REIN @ 58.4877 REC 12/24/20 PAY 12/29/20,2020-12-29,2020-12-29,0,-8.31,0,0,92203J407,Financial
BNDX,0,,Dividend,VANGUARD TOTAL INTERNATIONAL  BOND ETF  L/T CAP GNS  68.33301 SHS REC 12/24/20 PAY 12/29/20,2020-12-29,2020-12-29,0,6.11,0,0,92203J407,Financial
BNDX,0,,Dividend,VANGUARD TOTAL INTERNATIONAL  BOND ETF  CASH DIV ON 68.33301 SHS REC 12/24/20 PAY 12/29/20 NON-QUALIFIED DIVIDEND  NON-RES TAX WITHHELD,2020-12-29,2020-12-29,0,2.205,0,0,92203J407,Financial
BND,0,,Dividend,VANGUARD TOTAL BOND MARKET ETF S/T CAP GNS  45.01884 SHS REC 12/24/20 PAY 12/29/20 NON-RES TAX WITHHELD,2020-12-29,2020-12-29,0,1.169,0,0,921937835,Financial
BND,0,,Dividend,VANGUARD TOTAL BOND MARKET ETF CASH DIV ON 45.01884 SHS REC 12/24/20 PAY 12/29/20 NON-QUALIFIED DIVIDEND  NON-RES TAX WITHHELD,2020-12-29,2020-12-29,0,4.641,0,0,921937835,Financial
BND,0.12049,,Other,VANGUARD TOTAL BOND MARKET ETF REIN @ 87.9776 REC 12/24/20 PAY 12/29/20,2020-12-29,2020-12-29,0,-10.6,0,0,921937835,Financial
BND,0,,Dividend,VANGUARD TOTAL BOND MARKET ETF L/T CAP GNS  45.01884 SHS REC 12/24/20 PAY 12/29/20,2020-12-29,2020-12-29,0,4.79,0,0,921937835,Financial
VNQ,0,,Dividend,VANGUARD SPECIALIZED FUNDS  VANGUARD REAL ESTATE ETF  CASH DIV ON 47.68104 SHS REC 12/28/20 PAY 12/30/20 NON-QUALIFIED DIVIDEND  NON-RES TAX WITHHELD,2020-12-30,2020-12-30,0,44.646,0,0,922908553,Financial
VNQ,0.53054,,Other,VANGUARD SPECIALIZED FUNDS  VANGUARD REAL ESTATE ETF  REIN @ 84.1588 REC 12/28/20 PAY 12/30/20,2020-12-30,2020-12-30,0,-44.65,0,0,922908553,Financial
BND,0,,Dividend,VANGUARD TOTAL BOND MARKET ETF CASH DIV ON 45.13933 SHS REC 02/02/21 PAY 02/04/21 NON-QUALIFIED DIVIDEND  NON-RES TAX WITHHELD,2021-02-04,2021-02-04,0,4.396,0,0,921937835,Financial
BND,0.05059,,Other,VANGUARD TOTAL BOND MARKET ETF REIN @ 86.9677 REC 02/02/21 PAY 02/04/21,2021-02-04,2021-02-04,0,-4.4,0,0,921937835,Financial
BNDX,0.03722,,Other,VANGUARD TOTAL INTERNATIONAL  BOND ETF  REIN @ 58.0377 REC 02/02/21 PAY 02/04/21,2021-02-04,2021-02-04,0,-2.16,0,0,92203J407,Financial
BNDX,0,,Dividend,VANGUARD TOTAL INTERNATIONAL  BOND ETF  CASH DIV ON 68.47509 SHS REC 02/02/21 PAY 02/04/21 NON-QUALIFIED DIVIDEND  NON-RES TAX WITHHELD,2021-02-04,2021-02-04,0,2.156,0,0,92203J407,Financial
,0,,Other,Wire Funds Received ABA-021000018 BK OF NYC 210223486508,2021-02-23,2021-02-23,0,5466,0,0,,Financial
BNDX,22,57,BUY,VANGUARD TOTAL INTERNATIONAL  BOND ETF  INTERNET ORDER  UNSOLICITED PRODUCT DESCRIPTION UNDER SEPARATE COVER,2021-02-25,2021-03-01,0,-1254,0,0,92203J407,Trade
VXUS,40,63.8,BUY,VANGUARD STAR FD  VANGUARD TOTAL INTL STOCK INDEX FD ETF SHS  INTERNET ORDER  UNSOLICITED PRODUCT DESCRIPTION UNDER SEPARATE COVER,2021-02-25,2021-03-01,0,-2552,0,0,921909768,Trade
VTI,12,205.49,BUY,VANGUARD INDEX FUNDS  VANGUARD TOTAL STOCK MARKET ETF INTERNET ORDER  UNSOLICITED PRODUCT DESCRIPTION UNDER SEPARATE COVER,2021-02-25,2021-03-01,0,-2465.88,0,0,922908769,Trade
VT,-30,97.7,SELL,VANGUARD INTL EQUITY INDEX FD TOTAL WORLD STOCK INDEX ETF INTERNET ORDER  UNSOLICITED PRODUCT DESCRIPTION UNDER SEPARATE COVER,2021-02-25,2021-03-01,0,2930.98,0,0.02,922042742,Trade
VNQ,8,90.8,BUY,VANGUARD SPECIALIZED FUNDS  VANGUARD REAL ESTATE ETF  INTERNET ORDER  UNSOLICITED PRODUCT DESCRIPTION UNDER SEPARATE COVER,2021-02-25,2021-03-01,0,-726.4,0,0,922908553,Trade
BND,15,85.62,BUY,VANGUARD TOTAL BOND MARKET ETF INTERNET ORDER  UNSOLICITED PRODUCT DESCRIPTION UNDER SEPARATE COVER,2021-02-25,2021-03-01,0,-1284.3,0,0,921937835,Trade
BND,0,,Dividend,VANGUARD TOTAL BOND MARKET ETF CASH DIV ON 60.18992 SHS REC 03/02/21 PAY 03/04/21 NON-QUALIFIED DIVIDEND  NON-RES TAX WITHHELD,2021-03-04,2021-03-04,0,5.425,0,0,921937835,Financial
BNDX,0.05,,Other,VANGUARD TOTAL INTERNATIONAL  BOND ETF  REIN @ 57.2050 REC 03/02/21 PAY 03/04/21,2021-03-04,2021-03-04,0,-2.86,0,0,92203J407,Financial
BND,0.06346,,Other,VANGUARD TOTAL BOND MARKET ETF REIN @ 85.4077 REC 03/02/21 PAY 03/04/21,2021-03-04,2021-03-04,0,-5.42,0,0,921937835,Financial
BNDX,0,,Dividend,VANGUARD TOTAL INTERNATIONAL  BOND ETF  CASH DIV ON 90.51231 SHS REC 03/02/21 PAY 03/04/21 NON-QUALIFIED DIVIDEND  NON-RES TAX WITHHELD,2021-03-04,2021-03-04,0,2.856,0,0,92203J407,Financial
BND,0,,Other,VANGUARD TOTAL BOND MARKET ETF Rev NRA W/H AS/OF 12/29/20 LCG,2021-03-05,2021-03-05,0,0.91,0,0,921937835,Financial
BNDX,0,,Other,VANGUARD TOTAL INTERNATIONAL  BOND ETF  Rev NRA W/H AS/OF 12/29/20 LCG,2021-03-05,2021-03-05,0,0.63,0,0,92203J407,Financial
VTI,-12,206.08,SELL,VANGUARD INDEX FUNDS  VANGUARD TOTAL STOCK MARKET ETF INTERNET ORDER  UNSOLICITED PRODUCT DESCRIPTION UNDER SEPARATE COVER,2021-03-11,2021-03-15,0,2472.94,0,0.02,922908769,Trade
AMD,-4,82,SELL,ADVANCED MICRO DEVICES INC  COM INTERNET ORDER  UNSOLICITED,2021-03-15,2021-03-17,0,327.99,0,0.01,7903107,Trade
IUSV,36,69.5,BUY,ISHARES TRUST ISHARES CORE S&P U S VALUE ETF INTERNET ORDER  UNSOLICITED PRODUCT DESCRIPTION UNDER SEPARATE COVER,2021-03-15,2021-03-17,0,-2502,0,0,464287663,Trade
TTWO,-1,171,SELL,TAKE TWO INTERACTIVE SOFTWARE INC INTERNET ORDER  UNSOLICITED,2021-03-15,2021-03-17,0,170.99,0,0.01,874054109,Trade
,0,,Interest,INTEREST ON CREDIT BALANCE  AT 0.010 02/16 THRU 03/15,2021-03-16,2021-03-16,0,0.01,0,0,00099A109,Financial
VT,0,,Dividend,VANGUARD INTL EQUITY INDEX FD TOTAL WORLD STOCK INDEX ETF CASH DIV ON  316.70744 SHS REC 03/23/21 PAY 03/25/21 NON-QUALIFIED DIVIDEND  NON-RES TAX WITHHELD,2021-03-25,2021-03-25,0,56.112,0,0,922042742,Financial
VT,0.58939,,Other,VANGUARD INTL EQUITY INDEX FD TOTAL WORLD STOCK INDEX ETF REIN @ 95.2001 REC 03/23/21 PAY 03/25/21,2021-03-25,2021-03-25,0,-56.11,0,0,922042742,Financial
VXUS,0,,Dividend,VANGUARD STAR FD  VANGUARD TOTAL INTL STOCK INDEX FD ETF SHS  CASH DIV ON 40 SHS  REC 03/23/21 PAY 03/25/21 NON-QUALIFIED DIVIDEND  NON-RES TAX WITHHELD,2021-03-25,2021-03-25,0,4.347,0,0,921909768,Financial
VXUS,0.07054,,Other,VANGUARD STAR FD  VANGUARD TOTAL INTL STOCK INDEX FD ETF SHS  REIN @ 61.6650 REC 03/23/21 PAY 03/25/21,2021-03-25,2021-03-25,0,-4.35,0,0,921909768,Financial
VNQ,0.2246,,Other,VANGUARD SPECIALIZED FUNDS  VANGUARD REAL ESTATE ETF  REIN @ 92.2100 REC 03/26/21 PAY 03/30/21,2021-03-30,2021-03-30,0,-20.71,0,0,922908553,Financial
VNQ,0,,Dividend,VANGUARD SPECIALIZED FUNDS  VANGUARD REAL ESTATE ETF  CASH DIV ON 56.21158 SHS REC 03/26/21 PAY 03/30/21 NON-QUALIFIED DIVIDEND  NON-RES TAX WITHHELD,2021-03-30,2021-03-30,0,20.713,0,0,922908553,Financial
IUSV,0,,Dividend,ISHARES TRUST ISHARES CORE S&P U S VALUE ETF CASH DIV ON 36 SHS  REC 03/26/21 PAY 03/31/21 NON-QUALIFIED DIVIDEND  NON-RES TAX WITHHELD,2021-03-31,2021-03-31,0,8.736,0,0,464287663,Financial
IUSV,0.12611,,Other,ISHARES TRUST ISHARES CORE S&P U S VALUE ETF REIN @ 69.3060 REC 03/26/21 PAY 03/31/21,2021-03-31,2021-03-31,0,-8.74,0,0,464287663,Financial
BND,0.10621,,Other,VANGUARD TOTAL BOND MARKET ETF REIN @ 84.9300 REC 04/05/21 PAY 04/07/21,2021-04-07,2021-04-07,0,-9.02,0,0,921937835,Financial
BND,0,,Dividend,VANGUARD TOTAL BOND MARKET ETF CASH DIV ON 60.25338 SHS REC 04/05/21 PAY 04/07/21 NON-QUALIFIED DIVIDEND  NON-RES TAX WITHHELD,2021-04-07,2021-04-07,0,5.866,0,0,921937835,Financial
BNDX,0,,Dividend,VANGUARD TOTAL INTERNATIONAL  BOND ETF  CASH DIV ON 90.56231 SHS REC 04/05/21 PAY 04/07/21 NON-QUALIFIED DIVIDEND  NON-RES TAX WITHHELD,2021-04-07,2021-04-07,0,2.618,0,0,92203J407,Financial
BNDX,0.0458,,Other,VANGUARD TOTAL INTERNATIONAL  BOND ETF  REIN @ 57.2077 REC 04/05/21 PAY 04/07/21,2021-04-07,2021-04-07,0,-2.62,0,0,92203J407,Financial
BND,0,,Dividend,VANGUARD TOTAL BOND MARKET ETF S/T CAP GNS  60.25338 SHS REC 04/05/21 PAY 04/07/21 NON-RES TAX WITHHELD,2021-04-07,2021-04-07,0,0.14,0,0,921937835,Financial
BND,0,,Dividend,VANGUARD TOTAL BOND MARKET ETF L/T CAP GNS  60.25338 SHS REC 04/05/21 PAY 04/07/21,2021-04-07,2021-04-07,0,3.01,0,0,921937835,Financial
VXUS,-40,64.72,SELL,VANGUARD STAR FD  VANGUARD TOTAL INTL STOCK INDEX FD ETF SHS  INTERNET ORDER  UNSOLICITED PRODUCT DESCRIPTION UNDER SEPARATE COVER,2021-04-15,2021-04-19,0,2588.78,0,0.02,921909768,Trade
VXUS,-0.07054,64.72,SELL,VANGUARD STAR FD  VANGUARD TOTAL INTL STOCK INDEX FD ETF SHS  PRODUCT DESCRIPTION UNDER SEPARATE COVER  AUTO LIQUIDATION FRAC AS OF 04/15/21,2021-04-15,2021-04-19,0,4.56,0,0,921909768,Trade
IJS,26,101.4,BUY,ISHARES S&P SMALL CAP 600 VALUE ETF INTERNET ORDER  UNSOLICITED PRODUCT DESCRIPTION UNDER SEPARATE COVER,2021-04-19,2021-04-21,0,-2636.4,0,0,464287879,Trade
BNDX,0.04321,,Other,VANGUARD TOTAL INTERNATIONAL  BOND ETF  REIN @ 56.9377 REC 05/04/21 PAY 05/06/21,2021-05-06,2021-05-06,0,-2.46,0,0,92203J407,Financial
BND,0,,Dividend,VANGUARD TOTAL BOND MARKET ETF CASH DIV ON 60.35959 SHS REC 05/04/21 PAY 05/06/21 NON-QUALIFIED DIVIDEND  NON-RES TAX WITHHELD,2021-05-06,2021-05-06,0,5.516,0,0,921937835,Financial
BND,0.06469,,Other,VANGUARD TOTAL BOND MARKET ETF REIN @ 85.3277 REC 05/04/21 PAY 05/06/21,2021-05-06,2021-05-06,0,-5.52,0,0,921937835,Financial
BNDX,0,,Dividend,VANGUARD TOTAL INTERNATIONAL  BOND ETF  CASH DIV ON 90.60811 SHS REC 05/04/21 PAY 05/06/21 NON-QUALIFIED DIVIDEND  NON-RES TAX WITHHELD,2021-05-06,2021-05-06,0,2.464,0,0,92203J407,Financial